Adomas,Adomaitis,adomas@gmail.com,+37012345678
Tomas,Tomaitis,tomas@gmail.com,+37012345679
Martynas,Martinaitis,martynas@gmail.com,+37012345680
Gediminimas,Gediminaitis,Gediminas@gmail.com,+37012345681
Jonas,Jonaitis,jonas@gmail.com,+37012345682
Benas,Benaitis,benas@gmail.com,+37012345683
Giedrius,Giedraitis,giedrius@gmail.com,+37012345684
Nerijus,Nerijaitis,nerijus@gmail.com,+37012345685
Lukas,Lukaitis,lukas@gmail.com,+37012345686
Edvinas,Edvinaitis,edvinas@gmail.com,+37012345687
